<?xml version="1.0" encoding="UTF-8"?>
<project-private xmlns="http://www.netbeans.org/ns/project-private/1">
    <editor-bookmarks xmlns="http://www.netbeans.org/ns/editor-bookmarks/2" lastBookmarkId="0"/>
    <open-files xmlns="http://www.netbeans.org/ns/projectui-open-files/2">
        <group>
            <file>file:/C:/Users/NISHADI/Documents/NetBeansProjects/course_enrolment_system/src/course_enrolment_system/StudentsDBOperations.java</file>
            <file>file:/C:/Users/NISHADI/Documents/NetBeansProjects/course_enrolment_system/src/course_enrolment_system/DeleteStudent.java</file>
            <file>file:/C:/Users/NISHADI/Documents/NetBeansProjects/course_enrolment_system/src/course_enrolment_system/SubjectOperations.java</file>
            <file>file:/C:/Users/NISHADI/Documents/NetBeansProjects/course_enrolment_system/src/course_enrolment_system/Count.java</file>
            <file>file:/C:/Users/NISHADI/Documents/NetBeansProjects/course_enrolment_system/src/course_enrolment_system/SecondWindow.java</file>
            <file>file:/C:/Users/NISHADI/Documents/NetBeansProjects/course_enrolment_system/src/course_enrolment_system/Course_enrolment_system.java</file>
            <file>file:/C:/Users/NISHADI/Documents/NetBeansProjects/course_enrolment_system/src/course_enrolment_system/MainFrame.java</file>
            <file>file:/C:/Users/NISHADI/Documents/NetBeansProjects/course_enrolment_system/src/course_enrolment_system/ViewStudent.java</file>
            <file>file:/C:/Users/NISHADI/Documents/NetBeansProjects/course_enrolment_system/src/course_enrolment_system/CountDBOperations.java</file>
            <file>file:/C:/Users/NISHADI/Documents/NetBeansProjects/course_enrolment_system/src/course_enrolment_system/StudentOperations.java</file>
            <file>file:/C:/Users/NISHADI/Documents/NetBeansProjects/course_enrolment_system/src/course_enrolment_system/UndergratDetails.java</file>
        </group>
    </open-files>
</project-private>
